"L0000_resource" , "ANNOTATE ME!"
"L0000_resource_data" , "ANNOTATE ME!"
"L0000_resource_data_Type" , "ANNOTATE ME!"
"L0000_resource_data_Type_Field" , "ANNOTATE ME!"
"L0000_resource_data_Type_Dimension" , "ANNOTATE ME!"
"L0000_resource_data_Type_VolumeType" , "ANNOTATE ME!"
"L0000_resource_data_Type_Timevarying" , "ANNOTATE ME!"
"L0000_resource_data_Tracebility" , "ANNOTATE ME!"
"L0000_resource_data_Tracebility_CreateEvent" , "ANNOTATE ME!"
"L0000_resource_data_Tracebility_CreateEvent_Operation" , "ANNOTATE ME!"
"L0000_resource_data_Tracebility_CreateEvent_CreationDate" , "ANNOTATE ME!"
"L0000_resource_data_Tracebility_CreateEvent_Application" , "ANNOTATE ME!"
"L0000_resource_data_Tracebility_CreateEvent_OperatorID" , "ANNOTATE ME!"
"L0000_resource_data_Tracebility_CreateEvent_IsNatural" , "ANNOTATE ME!"
"L0000_resource_data_Tracebility_ModifyEvent1" , "ANNOTATE ME!"
"L0000_resource_data_Tracebility_ModifyEvent1_Operation" , "ANNOTATE ME!"
"L0000_resource_data_Tracebility_ModifyEvent1_ModifyDate" , "ANNOTATE ME!"
"L0000_resource_data_Tracebility_ModifyEvent1_Application" , "ANNOTATE ME!"
"L0000_resource_data_Tracebility_ModifyEvent1_OperatorID" , "ANNOTATE ME!"
"L0000_resource_data_Size" , "ANNOTATE ME!"
"L0000_resource_data_Dataset" , "ANNOTATE ME!"
"L0000_resource_data_Dataset_FileSize" , "ANNOTATE ME!"
"L0000_resource_data_TimeSpace" , "ANNOTATE ME!"
"L0000_resource_data_TimeSpace_VMEabsoluteMatrixPose" , "ANNOTATE ME!"
"L0000_resource_data_TimeSpace_TimeStampVector" , "ANNOTATE ME!"
"L0000_resource_data_TreeInfo" , "ANNOTATE ME!"
"L0000_resource_data_TreeInfo_VmeRootURI" , "ANNOTATE ME!"
"L0000_resource_data_TreeInfo_VmeRootName" , "ANNOTATE ME!"
"L0000_resource_data_TreeInfo_VmeChildURI1" , "ANNOTATE ME!"
"L0000_resource_data_TreeInfo_VmeTreeCreationDate" , "ANNOTATE ME!"
"L0000_resource_data_Attributes" , "ANNOTATE ME!"
"L0000_resource_data_Attributes_OwnerAttributes" , "ANNOTATE ME!"
"L0000_resource_data_Attributes_OwnerAttributes_OwnerID" , "ANNOTATE ME!"
"L0000_resource_data_Attributes_QualityAttributes" , "ANNOTATE ME!"
"L0000_resource_data_Attributes_QualityAttributes_QualityScore1" , "ANNOTATE ME!"
"L0000_resource_data_Attributes_QualityAttributes_QualityScore1_URL" , "ANNOTATE ME!"
"L0000_resource_data_Attributes_QualityAttributes_QualityScore1_Score" , "ANNOTATE ME!"
"L0000_resource_data_Attributes_QualityAttributes_QualityScore1_ScoreDate" , "ANNOTATE ME!"
"L0000_resource_data_Attributes_DomainAttributes" , "ANNOTATE ME!"
"L0000_resource_data_Attributes_DomainAttributes_ScalingFactors" , "ANNOTATE ME!"
"L0000_resource_data_Attributes_DomainAttributes_ScalingFactors_SpatialScale" , "ANNOTATE ME!"
"L0000_resource_data_Attributes_DomainAttributes_ScalingFactors_TemporalScale" , "ANNOTATE ME!"
"L0000_resource_data_Attributes_DomainAttributes_BiomedicalAttributes" , "ANNOTATE ME!"
"L0000_resource_data_Attributes_DomainAttributes_BiomedicalAttributes_FunctionalAnatomyOntology" , "ANNOTATE ME!"
"L0000_resource_data_Attributes_SourceAttributes" , "ANNOTATE ME!"
"L0000_resource_data_Attributes_SourceAttributes_SourceType" , "ANNOTATE ME!"
"L0000_resource_data_Attributes_SourceAttributes_SourceType_SourceDir" , "ANNOTATE ME!"
"L0000_resource_service" , "ANNOTATE ME!"
"L0000_resource_service_Type" , "ANNOTATE ME!"
"L0000_resource_service_Type_Import" , "ANNOTATE ME!"
"L0000_resource_service_Type_Export" , "ANNOTATE ME!"
"L0000_resource_service_Type_Create" , "ANNOTATE ME!"
"L0000_resource_service_Type_Modify" , "ANNOTATE ME!"
"L0000_resource_service_Type_Measure" , "ANNOTATE ME!"
"L0000_resource_service_Type_Preview" , "ANNOTATE ME!"
"L0000_resource_service_Tracebility" , "ANNOTATE ME!"
"L0000_resource_service_Tracebility_Activation" , "ANNOTATE ME!"
"L0000_resource_service_Tracebility_Activation_MafVersion" , "ANNOTATE ME!"
"L0000_resource_service_Throughput_Benchmark1" , "ANNOTATE ME!"
"L0000_resource_service_Validation" , "ANNOTATE ME!"
"L0000_resource_service_Validation_Benchmark1" , "ANNOTATE ME!"
"L0000_resource_service_Validation_Benchmark1_BenchmarkInput" , "ANNOTATE ME!"
"L0000_resource_service_Validation_Benchmark1_BenchmarkOuput" , "ANNOTATE ME!"
"L0000_resource_Pricing" , "ANNOTATE ME!"
"L0000_resource_Pricing_Quotation1" , "ANNOTATE ME!"
"L0000" , "ANNOTATE ME!"
"L0000_resource_data_Attributes_SubjectAttributes" , "ANNOTATE ME!"
"L0000_resource_data_Attributes_SubjectAttributes_LocalSubjectID" , "ANNOTATE ME!"
"L0000_resource_data_Attributes_SubjectAttributes_SubjectGender" , "ANNOTATE ME!"
"L0000_resource_data_Attributes_SubjectAttributes_SubjectAgeRange" , "ANNOTATE ME!"
"L0000_resource_data_Attributes_SubjectAttributes_IsInVivo" , "ANNOTATE ME!"
"L0000_resource_data_Attributes_DomainAttributes_BiomedicalAttributes_AnatomyIsNormal" , "ANNOTATE ME!"
"L0000_resource_service_Type_Create_CreateParametricSolid" , "ANNOTATE ME!"
"L0000_resource_service_Tracebility_Activation_Date" , "ANNOTATE ME!"
"L0000_resource_service_Tracebility_Activation_ProviderID" , "ANNOTATE ME!"
"L0000_resource_service_Tracebility_Activation_MafVersion_OpenMafVersion" , "ANNOTATE ME!"
"L0000_resource_service_Tracebility_Activation_MafVersion_MafMedicalVersion" , "ANNOTATE ME!"
"L0000_resource_service_Tracebility_Activation_MafVersion_LhpBuilderVersion" , "ANNOTATE ME!"
"L0000_resource_service_Throughput" , "ANNOTATE ME!"
"L0000_resource_service_Throughput_Benchmark1_BenchmarkVme" , "ANNOTATE ME!"
"L0000_resource_service_Throughput_Benchmark1_BenchmarkSize" , "ANNOTATE ME!"
"L0000_resource_service_Throughput_Benchmark1_ExecutionTime" , "ANNOTATE ME!"
"L0000_resource_service_Validation_Benchmark1_BenchmarkDescriptionURI" , "ANNOTATE ME!"
"L0000_resource_service_Validation_Benchmark1_BenchmarkInput_InputVme1" , "ANNOTATE ME!"
"L0000_resource_service_Validation_Benchmark1_BenchmarkInput_BenchmarkParameters" , "ANNOTATE ME!"
"L0000_resource_service_Validation_Benchmark1_BenchmarkOuput_OutputVme1" , "ANNOTATE ME!"
"L0000_resource_service_Validation_Benchmark1_BenchmarkAccuracyIndex" , "ANNOTATE ME!"
"L0000_resource_Documentation" , "ANNOTATE ME!"
"L0000_resource_Pricing_Quotation1_GroupID" , "ANNOTATE ME!"
"L0000_resource_Pricing_Quotation1_Price" , "ANNOTATE ME!"
"L0000_resource_Pricing_Quotation1_Policy" , "ANNOTATE ME!"
"L0000_resource_Status" , "ANNOTATE ME!"
